AQI,PM2.5,PM10,score
68,37.4,73.44,60
76,41.8,82.08,67
70,38.5,75.6,62
78,42.9,84.24,69
82,45.1,88.56,72
90,49.5,97.2,79
91,50.05,98.28,80
82,45.1,88.56,72
76,41.8,82.08,67
76,41.8,82.08,67
75,41.25,81.0,66
81,44.55,87.48,71
86,47.3,92.88,76
96,52.8,103.68,85
93,51.15,100.44,82
88,48.4,95.04,78
95,52.25,102.6,84
101,55.55,109.08,89
100,55.0,108.0,88
103,56.65,111.24,91
98,53.9,105.84,86
90,49.5,97.2,79
98,53.9,105.84,86
101,55.55,109.08,89
96,52.8,103.68,85
92,50.6,99.36,81
94,51.7,101.52,83
105,57.75,113.4,93
86,47.3,92.88,76
96,52.8,103.68,85
96,52.8,103.68,85
89,48.95,96.12,78
89,48.95,96.12,78
78,42.9,84.24,69
80,44.0,86.4,70
69,37.95,74.52,61
82,45.1,88.56,72
74,40.7,79.92,65
68,37.4,73.44,60
92,50.6,99.36,81
84,46.2,90.72,74
88,48.4,95.04,78
72,39.6,77.76,63
75,41.25,81.0,66
83,45.65,89.64,73
75,41.25,81.0,66
73,40.15,78.84,64
82,45.1,88.56,72
87,47.85,93.96,77
79,43.45,85.32,70
79,43.45,85.32,70
84,46.2,90.72,74
89,48.95,96.12,78
78,42.9,84.24,69
79,43.45,85.32,70
57,31.35,61.56,50
59,32.45,63.72,52
67,36.85,72.36,59
81,44.55,87.48,71
72,39.6,77.76,63
88,48.4,95.04,78
84,46.2,90.72,74
86,47.3,92.88,76
111,61.05,119.88,98
89,48.95,96.12,78
91,50.05,98.28,80
103,56.65,111.24,91
122,67.1,131.76,100
127,69.85,137.16,100
119,65.45,128.52,100
94,51.7,101.52,83
76,41.8,82.08,67
70,38.5,75.6,62
77,42.35,83.16,68
52,28.6,56.16,46
73,40.15,78.84,64
54,29.7,58.32,48
73,40.15,78.84,64
114,62.7,123.12,100
93,51.15,100.44,82
124,68.2,133.92,100
106,58.3,114.48,93
109,59.95,117.72,96
126,69.3,136.08,100
95,52.25,102.6,84
95,52.25,102.6,84
118,64.9,127.44,100
138,75.9,149.04,100
130,71.5,140.4,100
117,64.35,126.36,100
112,61.6,120.96,99
92,50.6,99.36,81
97,53.35,104.76,85
106,58.3,114.48,93
118,64.9,127.44,100
116,63.8,125.28,100
128,70.4,138.24,100
108,59.4,116.64,95
57,31.35,61.56,50
66,36.3,71.28,58
81,44.55,87.48,71
90,49.5,97.2,79
71,39.05,76.68,63
74,40.7,79.92,65
97,53.35,104.76,85
49,26.95,52.92,43
69,37.95,74.52,61
89,48.95,96.12,78
103,56.65,111.24,91
100,55.0,108.0,88
81,44.55,87.48,71
94,51.7,101.52,83
74,40.7,79.92,65
92,50.6,99.36,81
74,40.7,79.92,65
92,50.6,99.36,81
96,52.8,103.68,85
95,52.25,102.6,84
87,47.85,93.96,77
80,44.0,86.4,70
108,59.4,116.64,95
87,47.85,93.96,77
85,46.75,91.8,75
96,52.8,103.68,85
115,63.25,124.2,100
84,46.2,90.72,74
108,59.4,116.64,95
110,60.5,118.8,97
67,36.85,72.36,59
64,35.2,69.12,56
53,29.15,57.24,47
65,35.75,70.2,57
60,33.0,64.8,53
74,40.7,79.92,65
55,30.25,59.4,48
63,34.65,68.04,56
82,45.1,88.56,72
85,46.75,91.8,75
103,56.65,111.24,91
82,45.1,88.56,72
68,37.4,73.44,60
64,35.2,69.12,56
115,63.25,124.2,100
64,35.2,69.12,56
92,50.6,99.36,81
64,35.2,69.12,56
73,40.15,78.84,64
64,35.2,69.12,56
59,32.45,63.72,52
55,30.25,59.4,48
69,37.95,74.52,61
70,38.5,75.6,62
79,43.45,85.32,70
78,42.9,84.24,69
59,32.45,63.72,52
56,30.8,60.48,49
57,31.35,61.56,50
64,35.2,69.12,56
55,30.25,59.4,48
58,31.9,62.64,51
53,29.15,57.24,47
88,48.4,95.04,78
57,31.35,61.56,50
54,29.7,58.32,48
59,32.45,63.72,52
71,39.05,76.68,63
70,38.5,75.6,62
50,27.5,54.0,44
43,23.65,46.44,38
71,39.05,76.68,63
57,31.35,61.56,50
58,31.9,62.64,51
65,35.75,70.2,57
62,34.1,66.96,55
59,32.45,63.72,52
75,41.25,81.0,66
58,31.9,62.64,51
45,24.75,48.6,40
48,26.4,51.84,42
42,23.1,45.36,37
57,31.35,61.56,50
52,28.6,56.16,46
62,34.1,66.96,55
54,29.7,58.32,48
56,30.8,60.48,49
56,30.8,60.48,49
62,34.1,66.96,55
44,24.2,47.52,39
53,29.15,57.24,47
56,30.8,60.48,49
56,30.8,60.48,49
68,37.4,73.44,60
50,27.5,54.0,44
45,24.75,48.6,40
54,29.7,58.32,48
56,30.8,60.48,49
49,26.95,52.92,43
52,28.6,56.16,46
49,26.95,52.92,43
50,27.5,54.0,44
43,23.65,46.44,38
49,26.95,52.92,43
56,30.8,60.48,49
48,26.4,51.84,42
65,35.75,70.2,57
47,25.85,50.76,41
50,27.5,54.0,44
62,34.1,66.96,55
51,28.05,55.08,45
51,28.05,55.08,45
70,38.5,75.6,62
57,31.35,61.56,50
56,30.8,60.48,49
52,28.6,56.16,46
46,25.3,49.68,41
75,41.25,81.0,66
73,40.15,78.84,64
56,30.8,60.48,49
59,32.45,63.72,52
51,28.05,55.08,45
50,27.5,54.0,44
58,31.9,62.64,51
48,26.4,51.84,42
48,26.4,51.84,42
43,23.65,46.44,38
57,31.35,61.56,50
46,25.3,49.68,41
45,24.75,48.6,40
45,24.75,48.6,40
51,28.05,55.08,45
54,29.7,58.32,48
52,28.6,56.16,46
68,37.4,73.44,60
64,35.2,69.12,56
57,31.35,61.56,50
52,28.6,56.16,46
60,33.0,64.8,53
52,28.6,56.16,46
52,28.6,56.16,46
59,32.45,63.72,52
43,23.65,46.44,38
56,30.8,60.48,49
57,31.35,61.56,50
68,37.4,73.44,60
55,30.25,59.4,48
55,30.25,59.4,48
69,37.95,74.52,61
69,37.95,74.52,61
64,35.2,69.12,56
71,39.05,76.68,63
45,24.75,48.6,40
56,30.8,60.48,49
68,37.4,73.44,60
81,44.55,87.48,71
78,42.9,84.24,69
77,42.35,83.16,68
89,48.95,96.12,78
74,40.7,79.92,65
56,30.8,60.48,49
60,33.0,64.8,53
62,34.1,66.96,55
60,33.0,64.8,53
74,40.7,79.92,65
74,40.7,79.92,65
68,37.4,73.44,60
77,42.35,83.16,68
80,44.0,86.4,70
71,39.05,76.68,63
81,44.55,87.48,71
65,35.75,70.2,57
63,34.65,68.04,56
53,29.15,57.24,47
62,34.1,66.96,55
61,33.55,65.88,54
46,25.3,49.68,41
50,27.5,54.0,44
49,26.95,52.92,43
44,24.2,47.52,39
41,22.55,44.28,36
51,28.05,55.08,45
82,45.1,88.56,72
72,39.6,77.76,63
88,48.4,95.04,78
111,61.05,119.88,98
115,63.25,124.2,100
179,98.45,193.32,100
102,56.1,110.16,90
73,40.15,78.84,64
89,48.95,96.12,78
64,35.2,69.12,56
87,47.85,93.96,77
55,30.25,59.4,48
64,35.2,69.12,56
84,46.2,90.72,74
90,49.5,97.2,79
120,66.0,129.6,100
102,56.1,110.16,90
94,51.7,101.52,83
94,51.7,101.52,83
96,52.8,103.68,85
91,50.05,98.28,80
94,51.7,101.52,83
103,56.65,111.24,91
92,50.6,99.36,81
69,37.95,74.52,61
62,34.1,66.96,55
58,31.9,62.64,51
60,33.0,64.8,53
66,36.3,71.28,58
87,47.85,93.96,77
84,46.2,90.72,74
132,72.6,142.56,100
93,51.15,100.44,82
92,50.6,99.36,81
102,56.1,110.16,90
105,57.75,113.4,93
143,78.65,154.44,100
142,78.1,153.36,100
127,69.85,137.16,100
62,34.1,66.96,55
84,46.2,90.72,74
88,48.4,95.04,78
58,31.9,62.64,51
63,34.65,68.04,56
77,42.35,83.16,68
59,32.45,63.72,52
64,35.2,69.12,56
92,50.6,99.36,81
118,64.9,127.44,100
132,72.6,142.56,100
121,66.55,130.68,100
111,61.05,119.88,98
95,52.25,102.6,84
94,51.7,101.52,83
75,41.25,81.0,66
84,46.2,90.72,74
57,31.35,61.56,50
68,37.4,73.44,60
68,37.4,73.44,60
60,33.0,64.8,53
68,37.4,73.44,60
100,55.0,108.0,88
118,64.9,127.44,100
162,89.1,174.96,100
176,96.8,190.08,100
179,98.45,193.32,100
158,86.9,170.64,100
93,51.15,100.44,82
82,45.1,88.56,72
115,63.25,124.2,100
160,88.0,172.8,100
206,113.3,222.48,100
119,65.45,128.52,100
142,78.1,153.36,100
130,71.5,140.4,100
103,56.65,111.24,91
83,45.65,89.64,73
71,39.05,76.68,63
104,57.2,112.32,92
113,62.15,122.04,100
106,58.3,114.48,93
133,73.15,143.64,100
119,65.45,128.52,100
119,65.45,128.52,100
112,61.6,120.96,99
118,64.9,127.44,100
92,50.6,99.36,81
93,51.15,100.44,82
104,57.2,112.32,92
102,56.1,110.16,90
115,63.25,124.2,100
113,62.15,122.04,100
108,59.4,116.64,95
133,73.15,143.64,100
125,68.75,135.0,100
135,74.25,145.8,100
133,73.15,143.64,100
127,69.85,137.16,100
108,59.4,116.64,95
105,57.75,113.4,93
113,62.15,122.04,100
116,63.8,125.28,100
152,83.6,164.16,100
116,63.8,125.28,100
84,46.2,90.72,74
103,56.65,111.24,91
162,89.1,174.96,100
125,68.75,135.0,100
122,67.1,131.76,100
93,51.15,100.44,82
101,55.55,109.08,89
96,52.8,103.68,85
82,45.1,88.56,72
59,32.45,63.72,52
95,52.25,102.6,84
112,61.6,120.96,99
93,51.15,100.44,82
101,55.55,109.08,89
95,52.25,102.6,84
67,36.85,72.36,59
81,44.55,87.48,71
107,58.85,115.56,94
152,83.6,164.16,100
106,58.3,114.48,93
165,90.75,178.2,100
107,58.85,115.56,94
72,39.6,77.76,63
83,45.65,89.64,73
100,55.0,108.0,88
78,42.9,84.24,69
125,68.75,135.0,100
94,51.7,101.52,83
119,65.45,128.52,100
104,57.2,112.32,92
112,61.6,120.96,99
77,42.35,83.16,68
84,46.2,90.72,74
92,50.6,99.36,81
106,58.3,114.48,93
102,56.1,110.16,90
94,51.7,101.52,83
128,70.4,138.24,100
111,61.05,119.88,98
127,69.85,137.16,100
149,81.95,160.92,100
104,57.2,112.32,92
141,77.55,152.28,100
130,71.5,140.4,100
110,60.5,118.8,97
116,63.8,125.28,100
143,78.65,154.44,100
164,90.2,177.12,100
144,79.2,155.52,100
95,52.25,102.6,84
81,44.55,87.48,71
103,56.65,111.24,91
115,63.25,124.2,100
114,62.7,123.12,100
98,53.9,105.84,86
107,58.85,115.56,94
104,57.2,112.32,92
128,70.4,138.24,100
117,64.35,126.36,100
92,50.6,99.36,81
142,78.1,153.36,100
129,70.95,139.32,100
121,66.55,130.68,100
111,61.05,119.88,98
98,53.9,105.84,86
115,63.25,124.2,100
121,66.55,130.68,100
140,77.0,151.2,100
158,86.9,170.64,100
134,73.7,144.72,100
139,76.45,150.12,100
126,69.3,136.08,100
151,83.05,163.08,100
122,67.1,131.76,100
120,66.0,129.6,100
113,62.15,122.04,100
120,66.0,129.6,100
120,66.0,129.6,100
109,59.95,117.72,96
122,67.1,131.76,100
119,65.45,128.52,100
103,56.65,111.24,91
118,64.9,127.44,100
112,61.6,120.96,99
104,57.2,112.32,92
111,61.05,119.88,98
105,57.75,113.4,93
104,57.2,112.32,92
101,55.55,109.08,89
93,51.15,100.44,82
127,69.85,137.16,100
104,57.2,112.32,92
88,48.4,95.04,78
106,58.3,114.48,93
97,53.35,104.76,85
119,65.45,128.52,100
135,74.25,145.8,100
134,73.7,144.72,100
132,72.6,142.56,100
132,72.6,142.56,100
113,62.15,122.04,100
95,52.25,102.6,84
102,56.1,110.16,90
112,61.6,120.96,99
131,72.05,141.48,100
135,74.25,145.8,100
146,80.3,157.68,100
101,55.55,109.08,89
69,37.95,74.52,61
80,44.0,86.4,70
97,53.35,104.76,85
95,52.25,102.6,84
80,44.0,86.4,70
89,48.95,96.12,78
77,42.35,83.16,68
80,44.0,86.4,70
86,47.3,92.88,76
91,50.05,98.28,80
103,56.65,111.24,91
112,61.6,120.96,99
96,52.8,103.68,85
102,56.1,110.16,90
108,59.4,116.64,95
86,47.3,92.88,76
81,44.55,87.48,71
66,36.3,71.28,58
89,48.95,96.12,78
84,46.2,90.72,74
77,42.35,83.16,68
97,53.35,104.76,85
75,41.25,81.0,66
84,46.2,90.72,74
58,31.9,62.64,51
79,43.45,85.32,70
69,37.95,74.52,61
58,31.9,62.64,51
65,35.75,70.2,57
58,31.9,62.64,51
80,44.0,86.4,70
53,29.15,57.24,47
55,30.25,59.4,48
43,23.65,46.44,38
41,22.55,44.28,36
47,25.85,50.76,41
39,21.45,42.12,34
52,28.6,56.16,46
55,30.25,59.4,48
57,31.35,61.56,50
52,28.6,56.16,46
64,35.2,69.12,56
76,41.8,82.08,67
61,33.55,65.88,54
55,30.25,59.4,48
55,30.25,59.4,48
57,31.35,61.56,50
48,26.4,51.84,42
62,34.1,66.96,55
67,36.85,72.36,59
65,35.75,70.2,57
69,37.95,74.52,61
78,42.9,84.24,69
62,34.1,66.96,55
62,34.1,66.96,55
62,34.1,66.96,55
57,31.35,61.56,50
54,29.7,58.32,48
60,33.0,64.8,53
53,29.15,57.24,47
62,34.1,66.96,55
57,31.35,61.56,50
58,31.9,62.64,51
54,29.7,58.32,48
70,38.5,75.6,62
63,34.65,68.04,56
56,30.8,60.48,49
58,31.9,62.64,51
58,31.9,62.64,51
51,28.05,55.08,45
58,31.9,62.64,51
64,35.2,69.12,56
53,29.15,57.24,47
37,20.35,39.96,33
58,31.9,62.64,51
45,24.75,48.6,40
42,23.1,45.36,37
54,29.7,58.32,48
56,30.8,60.48,49
54,29.7,58.32,48
52,28.6,56.16,46
53,29.15,57.24,47
53,29.15,57.24,47
50,27.5,54.0,44
55,30.25,59.4,48
54,29.7,58.32,48
51,28.05,55.08,45
44,24.2,47.52,39
47,25.85,50.76,41
38,20.9,41.04,33
42,23.1,45.36,37
45,24.75,48.6,40
36,19.8,38.88,32
38,20.9,41.04,33
42,23.1,45.36,37
43,23.65,46.44,38
41,22.55,44.28,36
47,25.85,50.76,41
61,33.55,65.88,54
47,25.85,50.76,41
38,20.9,41.04,33
53,29.15,57.24,47
54,29.7,58.32,48
48,26.4,51.84,42
61,33.55,65.88,54
64,35.2,69.12,56
57,31.35,61.56,50
51,28.05,55.08,45
47,25.85,50.76,41
69,37.95,74.52,61
40,22.0,43.2,35
50,27.5,54.0,44
50,27.5,54.0,44
44,24.2,47.52,39
44,24.2,47.52,39
57,31.35,61.56,50
57,31.35,61.56,50
42,23.1,45.36,37
42,23.1,45.36,37
40,22.0,43.2,35
46,25.3,49.68,41
48,26.4,51.84,42
48,26.4,51.84,42
50,27.5,54.0,44
46,25.3,49.68,41
59,32.45,63.72,52
52,28.6,56.16,46
59,32.45,63.72,52
55,30.25,59.4,48
60,33.0,64.8,53
56,30.8,60.48,49
48,26.4,51.84,42
91,50.05,98.28,80
54,29.7,58.32,48
60,33.0,64.8,53
53,29.15,57.24,47
64,35.2,69.12,56
54,29.7,58.32,48
67,36.85,72.36,59
97,53.35,104.76,85
50,27.5,54.0,44
43,23.65,46.44,38
68,37.4,73.44,60
78,42.9,84.24,69
91,50.05,98.28,80
54,29.7,58.32,48
68,37.4,73.44,60
55,30.25,59.4,48
61,33.55,65.88,54
73,40.15,78.84,64
78,42.9,84.24,69
68,37.4,73.44,60
71,39.05,76.68,63
76,41.8,82.08,67
76,41.8,82.08,67
106,58.3,114.48,93
77,42.35,83.16,68
78,42.9,84.24,69
55,30.25,59.4,48
52,28.6,56.16,46
60,33.0,64.8,53
61,33.55,65.88,54
58,31.9,62.64,51
50,27.5,54.0,44
55,30.25,59.4,48
50,27.5,54.0,44
52,28.6,56.16,46
56,30.8,60.48,49
49,26.95,52.92,43
41,22.55,44.28,36
50,27.5,54.0,44
45,24.75,48.6,40
62,34.1,66.96,55
84,46.2,90.72,74
80,44.0,86.4,70
66,36.3,71.28,58
56,30.8,60.48,49
77,42.35,83.16,68
60,33.0,64.8,53
82,45.1,88.56,72
84,46.2,90.72,74
138,75.9,149.04,100
161,88.55,173.88,100
156,85.8,168.48,100
144,79.2,155.52,100
99,54.45,106.92,87
90,49.5,97.2,79
134,73.7,144.72,100
72,39.6,77.76,63
77,42.35,83.16,68
64,35.2,69.12,56
65,35.75,70.2,57
60,33.0,64.8,53
63,34.65,68.04,56
64,35.2,69.12,56
54,29.7,58.32,48
60,33.0,64.8,53
64,35.2,69.12,56
85,46.75,91.8,75
73,40.15,78.84,64
68,37.4,73.44,60
69,37.95,74.52,61
71,39.05,76.68,63
67,36.85,72.36,59
63,34.65,68.04,56
60,33.0,64.8,53
60,33.0,64.8,53
50,27.5,54.0,44
48,26.4,51.84,42
62,34.1,66.96,55
75,41.25,81.0,66
86,47.3,92.88,76
107,58.85,115.56,94
84,46.2,90.72,74
50,27.5,54.0,44
54,29.7,58.32,48
59,32.45,63.72,52
63,34.65,68.04,56
62,34.1,66.96,55
65,35.75,70.2,57
61,33.55,65.88,54
59,32.45,63.72,52
64,35.2,69.12,56
55,30.25,59.4,48
79,43.45,85.32,70
70,38.5,75.6,62
82,45.1,88.56,72
88,48.4,95.04,78
80,44.0,86.4,70
82,45.1,88.56,72
77,42.35,83.16,68
62,34.1,66.96,55
101,55.55,109.08,89
86,47.3,92.88,76
72,39.6,77.76,63
77,42.35,83.16,68
90,49.5,97.2,79
81,44.55,87.48,71
76,41.8,82.08,67
69,37.95,74.52,61
68,37.4,73.44,60
85,46.75,91.8,75
120,66.0,129.6,100
67,36.85,72.36,59
60,33.0,64.8,53
95,52.25,102.6,84
84,46.2,90.72,74
84,46.2,90.72,74
67,36.85,72.36,59
71,39.05,76.68,63
106,58.3,114.48,93
121,66.55,130.68,100
100,55.0,108.0,88
119,65.45,128.52,100
95,52.25,102.6,84
74,40.7,79.92,65
62,34.1,66.96,55
72,39.6,77.76,63
85,46.75,91.8,75
68,37.4,73.44,60
66,36.3,71.28,58
94,51.7,101.52,83
89,48.95,96.12,78
87,47.85,93.96,77
81,44.55,87.48,71
96,52.8,103.68,85
116,63.8,125.28,100
102,56.1,110.16,90
111,61.05,119.88,98
99,54.45,106.92,87
86,47.3,92.88,76
71,39.05,76.68,63
72,39.6,77.76,63
72,39.6,77.76,63
90,49.5,97.2,79
92,50.6,99.36,81
105,57.75,113.4,93
93,51.15,100.44,82
87,47.85,93.96,77
66,36.3,71.28,58
73,40.15,78.84,64
76,41.8,82.08,67
107,58.85,115.56,94
123,67.65,132.84,100
110,60.5,118.8,97
92,50.6,99.36,81
91,50.05,98.28,80
89,48.95,96.12,78
89,48.95,96.12,78
76,41.8,82.08,67
74,40.7,79.92,65
80,44.0,86.4,70
72,39.6,77.76,63
102,56.1,110.16,90
94,51.7,101.52,83
91,50.05,98.28,80
90,49.5,97.2,79
86,47.3,92.88,76
128,70.4,138.24,100
161,88.55,173.88,100
129,70.95,139.32,100
121,66.55,130.68,100
91,50.05,98.28,80
86,47.3,92.88,76
85,46.75,91.8,75
90,49.5,97.2,79
84,46.2,90.72,74
88,48.4,95.04,78
85,46.75,91.8,75
81,44.55,87.48,71
76,41.8,82.08,67
80,44.0,86.4,70
67,36.85,72.36,59
75,41.25,81.0,66
71,39.05,76.68,63
84,46.2,90.72,74
94,51.7,101.52,83
105,57.75,113.4,93
79,43.45,85.32,70
78,42.9,84.24,69
111,61.05,119.88,98
57,31.35,61.56,50
58,31.9,62.64,51
54,29.7,58.32,48
53,29.15,57.24,47
57,31.35,61.56,50
63,34.65,68.04,56
55,30.25,59.4,48
52,28.6,56.16,46
59,32.45,63.72,52
69,37.95,74.52,61
64,35.2,69.12,56
64,35.2,69.12,56
58,31.9,62.64,51
48,26.4,51.84,42
52,28.6,56.16,46
54,29.7,58.32,48
55,30.25,59.4,48
49,26.95,52.92,43
58,31.9,62.64,51
49,26.95,52.92,43
58,31.9,62.64,51
64,35.2,69.12,56
52,28.6,56.16,46
66,36.3,71.28,58
68,37.4,73.44,60
52,28.6,56.16,46
41,22.55,44.28,36
59,32.45,63.72,52
55,30.25,59.4,48
59,32.45,63.72,52
65,35.75,70.2,57
58,31.9,62.64,51
58,31.9,62.64,51
43,23.65,46.44,38
60,33.0,64.8,53
48,26.4,51.84,42
50,27.5,54.0,44
61,33.55,65.88,54
58,31.9,62.64,51
56,30.8,60.48,49
66,36.3,71.28,58
78,42.9,84.24,69
71,39.05,76.68,63
70,38.5,75.6,62
58,31.9,62.64,51
64,35.2,69.12,56
68,37.4,73.44,60
60,33.0,64.8,53
75,41.25,81.0,66
51,28.05,55.08,45
56,30.8,60.48,49
50,27.5,54.0,44
59,32.45,63.72,52
55,30.25,59.4,48
54,29.7,58.32,48
66,36.3,71.28,58
78,42.9,84.24,69
56,30.8,60.48,49
55,30.25,59.4,48
56,30.8,60.48,49
57,31.35,61.56,50
55,30.25,59.4,48
58,31.9,62.64,51
60,33.0,64.8,53
58,31.9,62.64,51
49,26.95,52.92,43
56,30.8,60.48,49
54,29.7,58.32,48
36,19.8,38.88,32
32,17.6,34.56,28
36,19.8,38.88,32
34,18.7,36.72,30
51,28.05,55.08,45
60,33.0,64.8,53
50,27.5,54.0,44
47,25.85,50.76,41
53,29.15,57.24,47
72,39.6,77.76,63
42,23.1,45.36,37
42,23.1,45.36,37
45,24.75,48.6,40
42,23.1,45.36,37
36,19.8,38.88,32
53,29.15,57.24,47
54,29.7,58.32,48
62,34.1,66.96,55
60,33.0,64.8,53
52,28.6,56.16,46
46,25.3,49.68,41
41,22.55,44.28,36
47,25.85,50.76,41
57,31.35,61.56,50
44,24.2,47.52,39
40,22.0,43.2,35
35,19.25,37.8,31
46,25.3,49.68,41
51,28.05,55.08,45
36,19.8,38.88,32
41,22.55,44.28,36
36,19.8,38.88,32
38,20.9,41.04,33
36,19.8,38.88,32
42,23.1,45.36,37
38,20.9,41.04,33
42,23.1,45.36,37
44,24.2,47.52,39
35,19.25,37.8,31
34,18.7,36.72,30
40,22.0,43.2,35
36,19.8,38.88,32
38,20.9,41.04,33
38,20.9,41.04,33
34,18.7,36.72,30
30,16.5,32.4,26
34,18.7,36.72,30
35,19.25,37.8,31
33,18.15,35.64,29
40,22.0,43.2,35
31,17.05,33.48,27
47,25.85,50.76,41
49,26.95,52.92,43
40,22.0,43.2,35
40,22.0,43.2,35
37,20.35,39.96,33
39,21.45,42.12,34
40,22.0,43.2,35
43,23.65,46.44,38
53,29.15,57.24,47
36,19.8,38.88,32
29,15.95,31.32,26
43,23.65,46.44,38
36,19.8,38.88,32
35,19.25,37.8,31
35,19.25,37.8,31
41,22.55,44.28,36
41,22.55,44.28,36
42,23.1,45.36,37
36,19.8,38.88,32
34,18.7,36.72,30
55,30.25,59.4,48
48,26.4,51.84,42
60,33.0,64.8,53
60,33.0,64.8,53
54,29.7,58.32,48
55,30.25,59.4,48
49,26.95,52.92,43
43,23.65,46.44,38
46,25.3,49.68,41
51,28.05,55.08,45
52,28.6,56.16,46
47,25.85,50.76,41
39,21.45,42.12,34
49,26.95,52.92,43
46,25.3,49.68,41
55,30.25,59.4,48
55,30.25,59.4,48
55,30.25,59.4,48
65,35.75,70.2,57
57,31.35,61.56,50
61,33.55,65.88,54
52,28.6,56.16,46
76,41.8,82.08,67
50,27.5,54.0,44
47,25.85,50.76,41
64,35.2,69.12,56
69,37.95,74.52,61
48,26.4,51.84,42
39,21.45,42.12,34
35,19.25,37.8,31
34,18.7,36.72,30
34,18.7,36.72,30
33,18.15,35.64,29
66,36.3,71.28,58
40,22.0,43.2,35
47,25.85,50.76,41
40,22.0,43.2,35
56,30.8,60.48,49
46,25.3,49.68,41
47,25.85,50.76,41
38,20.9,41.04,33
32,17.6,34.56,28
41,22.55,44.28,36
48,26.4,51.84,42
65,35.75,70.2,57
46,25.3,49.68,41
50,27.5,54.0,44
49,26.95,52.92,43
55,30.25,59.4,48
62,34.1,66.96,55
50,27.5,54.0,44
50,27.5,54.0,44
56,30.8,60.48,49
48,26.4,51.84,42
59,32.45,63.72,52
47,25.85,50.76,41
63,34.65,68.04,56
60,33.0,64.8,53
72,39.6,77.76,63
76,41.8,82.08,67
57,31.35,61.56,50
42,23.1,45.36,37
43,23.65,46.44,38
51,28.05,55.08,45
43,23.65,46.44,38
45,24.75,48.6,40
58,31.9,62.64,51
80,44.0,86.4,70
72,39.6,77.76,63
70,38.5,75.6,62
76,41.8,82.08,67
56,30.8,60.48,49
59,32.45,63.72,52
50,27.5,54.0,44
44,24.2,47.52,39
67,36.85,72.36,59
78,42.9,84.24,69
89,48.95,96.12,78
96,52.8,103.68,85
95,52.25,102.6,84
77,42.35,83.16,68
101,55.55,109.08,89
114,62.7,123.12,100
140,77.0,151.2,100
119,65.45,128.52,100
94,51.7,101.52,83
73,40.15,78.84,64
74,40.7,79.92,65
53,29.15,57.24,47
59,32.45,63.72,52
108,59.4,116.64,95
93,51.15,100.44,82
87,47.85,93.96,77
63,34.65,68.04,56
55,30.25,59.4,48
48,26.4,51.84,42
58,31.9,62.64,51
42,23.1,45.36,37
43,23.65,46.44,38
46,25.3,49.68,41
57,31.35,61.56,50
52,28.6,56.16,46
68,37.4,73.44,60
73,40.15,78.84,64
72,39.6,77.76,63
67,36.85,72.36,59
84,46.2,90.72,74
44,24.2,47.52,39
48,26.4,51.84,42
50,27.5,54.0,44
57,31.35,61.56,50
53,29.15,57.24,47
63,34.65,68.04,56
65,35.75,70.2,57
62,34.1,66.96,55
63,34.65,68.04,56
49,26.95,52.92,43
51,28.05,55.08,45
44,24.2,47.52,39
52,28.6,56.16,46
50,27.5,54.0,44
57,31.35,61.56,50
81,44.55,87.48,71
83,45.65,89.64,73
103,56.65,111.24,91
104,57.2,112.32,92
104,57.2,112.32,92
84,46.2,90.72,74
68,37.4,73.44,60
69,37.95,74.52,61
92,50.6,99.36,81
106,58.3,114.48,93
120,66.0,129.6,100
117,64.35,126.36,100
94,51.7,101.52,83
90,49.5,97.2,79
102,56.1,110.16,90
88,48.4,95.04,78
110,60.5,118.8,97
111,61.05,119.88,98
122,67.1,131.76,100
101,55.55,109.08,89
81,44.55,87.48,71
98,53.9,105.84,86
107,58.85,115.56,94
80,44.0,86.4,70
80,44.0,86.4,70
58,31.9,62.64,51
38,20.9,41.04,33
43,23.65,46.44,38
58,31.9,62.64,51
48,26.4,51.84,42
81,44.55,87.48,71
64,35.2,69.12,56
63,34.65,68.04,56
82,45.1,88.56,72
75,41.25,81.0,66
82,45.1,88.56,72
87,47.85,93.96,77
84,46.2,90.72,74
71,39.05,76.68,63
80,44.0,86.4,70
96,52.8,103.68,85
98,53.9,105.84,86
79,43.45,85.32,70
104,57.2,112.32,92
94,51.7,101.52,83
85,46.75,91.8,75
76,41.8,82.08,67
80,44.0,86.4,70
110,60.5,118.8,97
106,58.3,114.48,93
111,61.05,119.88,98
103,56.65,111.24,91
87,47.85,93.96,77
92,50.6,99.36,81
107,58.85,115.56,94
91,50.05,98.28,80
84,46.2,90.72,74
88,48.4,95.04,78
86,47.3,92.88,76
87,47.85,93.96,77
85,46.75,91.8,75
86,47.3,92.88,76
101,55.55,109.08,89
95,52.25,102.6,84
86,47.3,92.88,76
106,58.3,114.48,93
92,50.6,99.36,81
95,52.25,102.6,84
85,46.75,91.8,75
79,43.45,85.32,70
88,48.4,95.04,78
57,31.35,61.56,50
47,25.85,50.76,41
49,26.95,52.92,43
56,30.8,60.48,49
77,42.35,83.16,68
80,44.0,86.4,70
109,59.95,117.72,96
102,56.1,110.16,90
89,48.95,96.12,78
79,43.45,85.32,70
88,48.4,95.04,78
102,56.1,110.16,90
86,47.3,92.88,76
70,38.5,75.6,62
75,41.25,81.0,66
84,46.2,90.72,74
58,31.9,62.64,51
55,30.25,59.4,48
50,27.5,54.0,44
55,30.25,59.4,48
62,34.1,66.96,55
68,37.4,73.44,60
67,36.85,72.36,59
65,35.75,70.2,57
84,46.2,90.72,74
84,46.2,90.72,74
92,50.6,99.36,81
101,55.55,109.08,89
90,49.5,97.2,79
96,52.8,103.68,85
96,52.8,103.68,85
93,51.15,100.44,82
84,46.2,90.72,74
79,43.45,85.32,70
94,51.7,101.52,83
96,52.8,103.68,85
104,57.2,112.32,92
92,50.6,99.36,81
82,45.1,88.56,72
108,59.4,116.64,95
94,51.7,101.52,83
83,45.65,89.64,73
104,57.2,112.32,92
114,62.7,123.12,100
111,61.05,119.88,98
114,62.7,123.12,100
101,55.55,109.08,89
105,57.75,113.4,93
102,56.1,110.16,90
103,56.65,111.24,91
82,45.1,88.56,72
67,36.85,72.36,59
59,32.45,63.72,52
65,35.75,70.2,57
72,39.6,77.76,63
64,35.2,69.12,56
78,42.9,84.24,69
78,42.9,84.24,69
75,41.25,81.0,66
89,48.95,96.12,78
101,55.55,109.08,89
80,44.0,86.4,70
87,47.85,93.96,77
62,34.1,66.96,55
65,35.75,70.2,57
82,45.1,88.56,72
95,52.25,102.6,84
104,57.2,112.32,92
88,48.4,95.04,78
80,44.0,86.4,70
93,51.15,100.44,82
78,42.9,84.24,69
54,29.7,58.32,48
64,35.2,69.12,56
68,37.4,73.44,60
61,33.55,65.88,54
52,28.6,56.16,46
61,33.55,65.88,54
51,28.05,55.08,45
53,29.15,57.24,47
54,29.7,58.32,48
57,31.35,61.56,50
46,25.3,49.68,41
43,23.65,46.44,38
43,23.65,46.44,38
48,26.4,51.84,42
43,23.65,46.44,38
54,29.7,58.32,48
33,18.15,35.64,29
35,19.25,37.8,31
33,18.15,35.64,29
38,20.9,41.04,33
38,20.9,41.04,33
50,27.5,54.0,44
46,25.3,49.68,41
44,24.2,47.52,39
62,34.1,66.96,55
59,32.45,63.72,52
49,26.95,52.92,43
45,24.75,48.6,40
38,20.9,41.04,33
38,20.9,41.04,33
42,23.1,45.36,37
52,28.6,56.16,46
44,24.2,47.52,39
32,17.6,34.56,28
39,21.45,42.12,34
46,25.3,49.68,41
51,28.05,55.08,45
46,25.3,49.68,41
42,23.1,45.36,37
42,23.1,45.36,37
47,25.85,50.76,41
48,26.4,51.84,42
36,19.8,38.88,32
36,19.8,38.88,32
57,31.35,61.56,50
61,33.55,65.88,54
67,36.85,72.36,59
78,42.9,84.24,69
80,44.0,86.4,70
64,35.2,69.12,56
64,35.2,69.12,56
95,52.25,102.6,84
81,44.55,87.48,71
90,49.5,97.2,79
67,36.85,72.36,59
41,22.55,44.28,36
45,24.75,48.6,40
63,34.65,68.04,56
52,28.6,56.16,46
53,29.15,57.24,47
50,27.5,54.0,44
54,29.7,58.32,48
47,25.85,50.76,41
42,23.1,45.36,37
46,25.3,49.68,41
61,33.55,65.88,54
54,29.7,58.32,48
70,38.5,75.6,62
52,28.6,56.16,46
51,28.05,55.08,45
51,28.05,55.08,45
59,32.45,63.72,52
47,25.85,50.76,41
43,23.65,46.44,38
45,24.75,48.6,40
47,25.85,50.76,41
47,25.85,50.76,41
43,23.65,46.44,38
57,31.35,61.56,50
58,31.9,62.64,51
47,25.85,50.76,41
54,29.7,58.32,48
57,31.35,61.56,50
40,22.0,43.2,35
50,27.5,54.0,44
58,31.9,62.64,51
55,30.25,59.4,48
66,36.3,71.28,58
57,31.35,61.56,50
69,37.95,74.52,61
57,31.35,61.56,50
66,36.3,71.28,58
67,36.85,72.36,59
60,33.0,64.8,53
52,28.6,56.16,46
64,35.2,69.12,56
57,31.35,61.56,50
48,26.4,51.84,42
69,37.95,74.52,61
53,29.15,57.24,47
59,32.45,63.72,52
78,42.9,84.24,69
60,33.0,64.8,53
69,37.95,74.52,61
61,33.55,65.88,54
57,31.35,61.56,50
58,31.9,62.64,51
58,31.9,62.64,51
51,28.05,55.08,45
57,31.35,61.56,50
64,35.2,69.12,56
61,33.55,65.88,54
54,29.7,58.32,48
51,28.05,55.08,45
53,29.15,57.24,47
56,30.8,60.48,49
62,34.1,66.96,55
43,23.65,46.44,38
38,20.9,41.04,33
43,23.65,46.44,38
63,34.65,68.04,56
67,36.85,72.36,59
59,32.45,63.72,52
45,24.75,48.6,40
55,30.25,59.4,48
46,25.3,49.68,41
40,22.0,43.2,35
41,22.55,44.28,36
47,25.85,50.76,41
63,34.65,68.04,56
58,31.9,62.64,51
61,33.55,65.88,54
55,30.25,59.4,48
50,27.5,54.0,44
57,31.35,61.56,50
65,35.75,70.2,57
65,35.75,70.2,57
74,40.7,79.92,65
74,40.7,79.92,65
83,45.65,89.64,73
63,34.65,68.04,56
54,29.7,58.32,48
45,24.75,48.6,40
55,30.25,59.4,48
52,28.6,56.16,46
64,35.2,69.12,56
42,23.1,45.36,37
42,23.1,45.36,37
50,27.5,54.0,44
66,36.3,71.28,58
63,34.65,68.04,56
67,36.85,72.36,59
70,38.5,75.6,62
51,28.05,55.08,45
56,30.8,60.48,49
64,35.2,69.12,56
52,28.6,56.16,46
49,26.95,52.92,43
57,31.35,61.56,50
48,26.4,51.84,42
46,25.3,49.68,41
51,28.05,55.08,45
39,21.45,42.12,34
53,29.15,57.24,47
50,27.5,54.0,44
128,70.4,138.24,100
117,64.35,126.36,100
62,34.1,66.96,55
72,39.6,77.76,63
76,41.8,82.08,67
102,56.1,110.16,90
84,46.2,90.72,74
77,42.35,83.16,68
73,40.15,78.84,64
49,26.95,52.92,43
60,33.0,64.8,53
92,50.6,99.36,81
106,58.3,114.48,93
125,68.75,135.0,100
111,61.05,119.88,98
52,28.6,56.16,46
67,36.85,72.36,59
56,30.8,60.48,49
50,27.5,54.0,44
56,30.8,60.48,49
58,31.9,62.64,51
57,31.35,61.56,50
70,38.5,75.6,62
77,42.35,83.16,68
101,55.55,109.08,89
106,58.3,114.48,93
104,57.2,112.32,92
91,50.05,98.28,80
64,35.2,69.12,56
58,31.9,62.64,51
49,26.95,52.92,43
51,28.05,55.08,45
58,31.9,62.64,51
59,32.45,63.72,52
61,33.55,65.88,54
74,40.7,79.92,65
47,25.85,50.76,41
71,39.05,76.68,63
62,34.1,66.96,55
65,35.75,70.2,57
63,34.65,68.04,56
65,35.75,70.2,57
74,40.7,79.92,65
82,45.1,88.56,72
74,40.7,79.92,65
55,30.25,59.4,48
54,29.7,58.32,48
60,33.0,64.8,53
86,47.3,92.88,76
98,53.9,105.84,86
95,52.25,102.6,84
86,47.3,92.88,76
86,47.3,92.88,76
113,62.15,122.04,100
81,44.55,87.48,71
66,36.3,71.28,58
51,28.05,55.08,45
61,33.55,65.88,54
47,25.85,50.76,41
48,26.4,51.84,42
46,25.3,49.68,41
69,37.95,74.52,61
88,48.4,95.04,78
106,58.3,114.48,93
121,66.55,130.68,100
113,62.15,122.04,100
92,50.6,99.36,81
112,61.6,120.96,99
152,83.6,164.16,100
144,79.2,155.52,100
145,79.75,156.6,100
132,72.6,142.56,100
112,61.6,120.96,99
92,50.6,99.36,81
74,40.7,79.92,65
67,36.85,72.36,59
73,40.15,78.84,64
52,28.6,56.16,46
51,28.05,55.08,45
43,23.65,46.44,38
55,30.25,59.4,48
86,47.3,92.88,76
88,48.4,95.04,78
86,47.3,92.88,76
79,43.45,85.32,70
77,42.35,83.16,68
71,39.05,76.68,63
75,41.25,81.0,66
74,40.7,79.92,65
73,40.15,78.84,64
76,41.8,82.08,67
87,47.85,93.96,77
88,48.4,95.04,78
74,40.7,79.92,65
52,28.6,56.16,46
65,35.75,70.2,57
84,46.2,90.72,74
97,53.35,104.76,85
102,56.1,110.16,90
119,65.45,128.52,100
100,55.0,108.0,88
74,40.7,79.92,65
103,56.65,111.24,91
87,47.85,93.96,77
72,39.6,77.76,63
91,50.05,98.28,80
108,59.4,116.64,95
101,55.55,109.08,89
104,57.2,112.32,92
118,64.9,127.44,100
108,59.4,116.64,95
111,61.05,119.88,98
102,56.1,110.16,90
114,62.7,123.12,100
96,52.8,103.68,85
80,44.0,86.4,70
100,55.0,108.0,88
91,50.05,98.28,80
90,49.5,97.2,79
113,62.15,122.04,100
74,40.7,79.92,65
78,42.9,84.24,69
77,42.35,83.16,68
86,47.3,92.88,76
97,53.35,104.76,85
109,59.95,117.72,96
99,54.45,106.92,87
86,47.3,92.88,76
98,53.9,105.84,86
114,62.7,123.12,100
124,68.2,133.92,100
84,46.2,90.72,74
68,37.4,73.44,60
78,42.9,84.24,69
96,52.8,103.68,85
96,52.8,103.68,85
73,40.15,78.84,64
96,52.8,103.68,85
88,48.4,95.04,78
96,52.8,103.68,85
100,55.0,108.0,88
76,41.8,82.08,67
78,42.9,84.24,69
69,37.95,74.52,61
81,44.55,87.48,71
119,65.45,128.52,100
104,57.2,112.32,92
96,52.8,103.68,85
108,59.4,116.64,95
116,63.8,125.28,100
113,62.15,122.04,100
121,66.55,130.68,100
127,69.85,137.16,100
141,77.55,152.28,100
122,67.1,131.76,100
106,58.3,114.48,93
87,47.85,93.96,77
90,49.5,97.2,79
86,47.3,92.88,76
111,61.05,119.88,98
99,54.45,106.92,87
106,58.3,114.48,93
99,54.45,106.92,87
112,61.6,120.96,99
109,59.95,117.72,96
88,48.4,95.04,78
100,55.0,108.0,88
102,56.1,110.16,90
97,53.35,104.76,85
91,50.05,98.28,80
104,57.2,112.32,92
98,53.9,105.84,86
94,51.7,101.52,83
99,54.45,106.92,87
99,54.45,106.92,87
97,53.35,104.76,85
76,41.8,82.08,67
71,39.05,76.68,63
73,40.15,78.84,64
81,44.55,87.48,71
65,35.75,70.2,57
64,35.2,69.12,56
72,39.6,77.76,63
83,45.65,89.64,73
77,42.35,83.16,68
76,41.8,82.08,67
73,40.15,78.84,64
93,51.15,100.44,82
122,67.1,131.76,100
96,52.8,103.68,85
76,41.8,82.08,67
71,39.05,76.68,63
103,56.65,111.24,91
86,47.3,92.88,76
108,59.4,116.64,95
96,52.8,103.68,85
96,52.8,103.68,85
82,45.1,88.56,72
87,47.85,93.96,77
68,37.4,73.44,60
77,42.35,83.16,68
73,40.15,78.84,64
68,37.4,73.44,60
86,47.3,92.88,76
77,42.35,83.16,68
79,43.45,85.32,70
76,41.8,82.08,67
84,46.2,90.72,74
74,40.7,79.92,65
57,31.35,61.56,50
65,35.75,70.2,57
83,45.65,89.64,73
70,38.5,75.6,62
84,46.2,90.72,74
61,33.55,65.88,54
58,31.9,62.64,51
57,31.35,61.56,50
76,41.8,82.08,67
58,31.9,62.64,51
77,42.35,83.16,68
70,38.5,75.6,62
73,40.15,78.84,64
74,40.7,79.92,65
84,46.2,90.72,74
73,40.15,78.84,64
84,46.2,90.72,74
64,35.2,69.12,56
64,35.2,69.12,56
65,35.75,70.2,57
67,36.85,72.36,59
67,36.85,72.36,59
79,43.45,85.32,70
78,42.9,84.24,69
76,41.8,82.08,67
62,34.1,66.96,55
62,34.1,66.96,55
59,32.45,63.72,52
66,36.3,71.28,58
68,37.4,73.44,60
68,37.4,73.44,60
56,30.8,60.48,49
52,28.6,56.16,46
61,33.55,65.88,54
52,28.6,56.16,46
57,31.35,61.56,50
56,30.8,60.48,49
51,28.05,55.08,45
45,24.75,48.6,40
45,24.75,48.6,40
51,28.05,55.08,45
46,25.3,49.68,41
54,29.7,58.32,48
53,29.15,57.24,47
62,34.1,66.96,55
65,35.75,70.2,57
65,35.75,70.2,57
61,33.55,65.88,54
62,34.1,66.96,55
55,30.25,59.4,48
56,30.8,60.48,49
77,42.35,83.16,68
79,43.45,85.32,70
51,28.05,55.08,45
52,28.6,56.16,46
57,31.35,61.56,50
53,29.15,57.24,47
57,31.35,61.56,50
60,33.0,64.8,53
48,26.4,51.84,42
56,30.8,60.48,49
62,34.1,66.96,55
64,35.2,69.12,56
57,31.35,61.56,50
65,35.75,70.2,57
73,40.15,78.84,64
57,31.35,61.56,50
52,28.6,56.16,46
57,31.35,61.56,50
69,37.95,74.52,61
86,47.3,92.88,76
79,43.45,85.32,70
76,41.8,82.08,67
65,35.75,70.2,57
67,36.85,72.36,59
65,35.75,70.2,57
73,40.15,78.84,64
67,36.85,72.36,59
84,46.2,90.72,74
70,38.5,75.6,62
58,31.9,62.64,51
67,36.85,72.36,59
51,28.05,55.08,45
50,27.5,54.0,44
56,30.8,60.48,49
51,28.05,55.08,45
86,47.3,92.88,76
43,23.65,46.44,38
53,29.15,57.24,47
57,31.35,61.56,50
65,35.75,70.2,57
65,35.75,70.2,57
58,31.9,62.64,51
62,34.1,66.96,55
62,34.1,66.96,55
62,34.1,66.96,55
68,37.4,73.44,60
79,43.45,85.32,70
62,34.1,66.96,55
56,30.8,60.48,49
53,29.15,57.24,47
53,29.15,57.24,47
43,23.65,46.44,38
46,25.3,49.68,41
48,26.4,51.84,42
40,22.0,43.2,35
46,25.3,49.68,41
44,24.2,47.52,39
41,22.55,44.28,36
63,34.65,68.04,56
58,31.9,62.64,51
65,35.75,70.2,57
50,27.5,54.0,44
74,40.7,79.92,65
70,38.5,75.6,62
54,29.7,58.32,48
45,24.75,48.6,40
57,31.35,61.56,50
44,24.2,47.52,39
44,24.2,47.52,39
51,28.05,55.08,45
62,34.1,66.96,55
48,26.4,51.84,42
42,23.1,45.36,37
50,27.5,54.0,44
50,27.5,54.0,44
55,30.25,59.4,48
85,46.75,91.8,75
66,36.3,71.28,58
58,31.9,62.64,51
64,35.2,69.12,56
80,44.0,86.4,70
60,33.0,64.8,53
76,41.8,82.08,67
73,40.15,78.84,64
65,35.75,70.2,57
58,31.9,62.64,51
67,36.85,72.36,59
65,35.75,70.2,57
60,33.0,64.8,53
41,22.55,44.28,36
65,35.75,70.2,57
72,39.6,77.76,63
54,29.7,58.32,48
132,72.6,142.56,100
126,69.3,136.08,100
105,57.75,113.4,93
80,44.0,86.4,70
109,59.95,117.72,96
73,40.15,78.84,64
69,37.95,74.52,61
58,31.9,62.64,51
50,27.5,54.0,44
64,35.2,69.12,56
57,31.35,61.56,50
66,36.3,71.28,58
55,30.25,59.4,48
36,19.8,38.88,32
41,22.55,44.28,36
54,29.7,58.32,48
57,31.35,61.56,50
89,48.95,96.12,78
69,37.95,74.52,61
74,40.7,79.92,65
102,56.1,110.16,90
99,54.45,106.92,87
142,78.1,153.36,100
151,83.05,163.08,100
130,71.5,140.4,100
95,52.25,102.6,84
71,39.05,76.68,63
74,40.7,79.92,65
95,52.25,102.6,84
105,57.75,113.4,93
53,29.15,57.24,47
54,29.7,58.32,48
54,29.7,58.32,48
49,26.95,52.92,43
58,31.9,62.64,51
119,65.45,128.52,100
96,52.8,103.68,85
100,55.0,108.0,88
112,61.6,120.96,99
111,61.05,119.88,98
98,53.9,105.84,86
33,18.15,35.64,29
35,19.25,37.8,31
67,36.85,72.36,59
129,70.95,139.32,100
168,92.4,181.44,100
133,73.15,143.64,100
124,68.2,133.92,100
129,70.95,139.32,100
154,84.7,166.32,100
78,42.9,84.24,69
47,25.85,50.76,41
38,20.9,41.04,33
82,45.1,88.56,72
63,34.65,68.04,56
85,46.75,91.8,75
106,58.3,114.48,93
168,92.4,181.44,100
150,82.5,162.0,100
128,70.4,138.24,100
93,51.15,100.44,82
68,37.4,73.44,60
52,28.6,56.16,46
77,42.35,83.16,68
108,59.4,116.64,95
124,68.2,133.92,100
125,68.75,135.0,100
127,69.85,137.16,100
68,37.4,73.44,60
24,13.2,25.92,21
42,23.1,45.36,37
59,32.45,63.72,52
43,23.65,46.44,38
72,39.6,77.76,63
121,66.55,130.68,100
114,62.7,123.12,100
146,80.3,157.68,100
155,85.25,167.4,100
114,62.7,123.12,100
80,44.0,86.4,70
77,42.35,83.16,68
95,52.25,102.6,84
95,52.25,102.6,84
73,40.15,78.84,64
40,22.0,43.2,35
42,23.1,45.36,37
47,25.85,50.76,41
54,29.7,58.32,48
72,39.6,77.76,63
76,41.8,82.08,67
88,48.4,95.04,78
86,47.3,92.88,76
82,45.1,88.56,72
90,49.5,97.2,79
87,47.85,93.96,77
104,57.2,112.32,92
91,50.05,98.28,80
113,62.15,122.04,100
118,64.9,127.44,100
93,51.15,100.44,82
102,56.1,110.16,90
126,69.3,136.08,100
105,57.75,113.4,93
99,54.45,106.92,87
118,64.9,127.44,100
109,59.95,117.72,96
90,49.5,97.2,79
71,39.05,76.68,63
82,45.1,88.56,72
85,46.75,91.8,75
77,42.35,83.16,68
79,43.45,85.32,70
68,37.4,73.44,60
64,35.2,69.12,56
70,38.5,75.6,62
120,66.0,129.6,100
160,88.0,172.8,100
72,39.6,77.76,63
81,44.55,87.48,71
74,40.7,79.92,65
73,40.15,78.84,64
93,51.15,100.44,82
95,52.25,102.6,84
86,47.3,92.88,76
81,44.55,87.48,71
90,49.5,97.2,79
95,52.25,102.6,84
150,82.5,162.0,100
121,66.55,130.68,100
116,63.8,125.28,100
93,51.15,100.44,82
95,52.25,102.6,84
97,53.35,104.76,85
111,61.05,119.88,98
89,48.95,96.12,78
90,49.5,97.2,79
98,53.9,105.84,86
91,50.05,98.28,80
129,70.95,139.32,100
125,68.75,135.0,100
106,58.3,114.48,93
87,47.85,93.96,77
86,47.3,92.88,76
97,53.35,104.76,85
74,40.7,79.92,65
77,42.35,83.16,68
96,52.8,103.68,85
84,46.2,90.72,74
90,49.5,97.2,79
89,48.95,96.12,78
87,47.85,93.96,77
101,55.55,109.08,89
96,52.8,103.68,85
92,50.6,99.36,81
92,50.6,99.36,81
84,46.2,90.72,74
82,45.1,88.56,72
86,47.3,92.88,76
87,47.85,93.96,77
88,48.4,95.04,78
78,42.9,84.24,69
69,37.95,74.52,61
87,47.85,93.96,77
95,52.25,102.6,84
113,62.15,122.04,100
91,50.05,98.28,80
63,34.65,68.04,56
57,31.35,61.56,50
52,28.6,56.16,46
53,29.15,57.24,47
83,45.65,89.64,73
70,38.5,75.6,62
63,34.65,68.04,56
58,31.9,62.64,51
68,37.4,73.44,60
52,28.6,56.16,46
95,52.25,102.6,84
83,45.65,89.64,73
63,34.65,68.04,56
68,37.4,73.44,60
73,40.15,78.84,64
67,36.85,72.36,59
80,44.0,86.4,70
60,33.0,64.8,53
74,40.7,79.92,65
78,42.9,84.24,69
76,41.8,82.08,67
79,43.45,85.32,70
71,39.05,76.68,63
59,32.45,63.72,52
66,36.3,71.28,58
79,43.45,85.32,70
88,48.4,95.04,78
110,60.5,118.8,97
94,51.7,101.52,83
111,61.05,119.88,98
98,53.9,105.84,86
100,55.0,108.0,88
89,48.95,96.12,78
97,53.35,104.76,85
92,50.6,99.36,81
81,44.55,87.48,71
73,40.15,78.84,64
69,37.95,74.52,61
63,34.65,68.04,56
58,31.9,62.64,51
83,45.65,89.64,73
71,39.05,76.68,63
75,41.25,81.0,66
79,43.45,85.32,70
51,28.05,55.08,45
59,32.45,63.72,52
60,33.0,64.8,53
63,34.65,68.04,56
52,28.6,56.16,46
51,28.05,55.08,45
51,28.05,55.08,45
54,29.7,58.32,48
51,28.05,55.08,45
54,29.7,58.32,48
74,40.7,79.92,65
61,33.55,65.88,54
63,34.65,68.04,56
56,30.8,60.48,49
69,37.95,74.52,61
74,40.7,79.92,65
90,49.5,97.2,79
74,40.7,79.92,65
76,41.8,82.08,67
65,35.75,70.2,57
72,39.6,77.76,63
55,30.25,59.4,48
52,28.6,56.16,46
63,34.65,68.04,56
54,29.7,58.32,48
50,27.5,54.0,44
54,29.7,58.32,48
61,33.55,65.88,54
59,32.45,63.72,52
85,46.75,91.8,75
58,31.9,62.64,51
53,29.15,57.24,47
60,33.0,64.8,53
73,40.15,78.84,64
71,39.05,76.68,63
66,36.3,71.28,58
65,35.75,70.2,57
59,32.45,63.72,52
49,26.95,52.92,43
46,25.3,49.68,41
53,29.15,57.24,47
43,23.65,46.44,38
39,21.45,42.12,34
50,27.5,54.0,44
61,33.55,65.88,54
54,29.7,58.32,48
55,30.25,59.4,48
54,29.7,58.32,48
49,26.95,52.92,43
45,24.75,48.6,40
61,33.55,65.88,54
65,35.75,70.2,57
57,31.35,61.56,50
53,29.15,57.24,47
48,26.4,51.84,42
42,23.1,45.36,37
38,20.9,41.04,33
44,24.2,47.52,39
42,23.1,45.36,37
40,22.0,43.2,35
38,20.9,41.04,33
43,23.65,46.44,38
50,27.5,54.0,44
44,24.2,47.52,39
34,18.7,36.72,30
36,19.8,38.88,32
37,20.35,39.96,33
39,21.45,42.12,34
38,20.9,41.04,33
39,21.45,42.12,34
40,22.0,43.2,35
52,28.6,56.16,46
49,26.95,52.92,43
48,26.4,51.84,42
61,33.55,65.88,54
50,27.5,54.0,44
48,26.4,51.84,42
47,25.85,50.76,41
57,31.35,61.56,50
63,34.65,68.04,56
71,39.05,76.68,63
97,53.35,104.76,85
59,32.45,63.72,52
45,24.75,48.6,40
41,22.55,44.28,36
40,22.0,43.2,35
45,24.75,48.6,40
39,21.45,42.12,34
62,34.1,66.96,55
54,29.7,58.32,48
52,28.6,56.16,46
47,25.85,50.76,41
67,36.85,72.36,59
68,37.4,73.44,60
64,35.2,69.12,56
54,29.7,58.32,48
58,31.9,62.64,51
42,23.1,45.36,37
50,27.5,54.0,44
64,35.2,69.12,56
60,33.0,64.8,53
65,35.75,70.2,57
64,35.2,69.12,56
74,40.7,79.92,65
65,35.75,70.2,57
50,27.5,54.0,44
61,33.55,65.88,54
64,35.2,69.12,56
75,41.25,81.0,66
68,37.4,73.44,60
49,26.95,52.92,43
49,26.95,52.92,43
59,32.45,63.72,52
99,54.45,106.92,87
78,42.9,84.24,69
82,45.1,88.56,72
115,63.25,124.2,100
65,35.75,70.2,57
50,27.5,54.0,44
63,34.65,68.04,56
69,37.95,74.52,61
71,39.05,76.68,63
78,42.9,84.24,69
57,31.35,61.56,50
51,28.05,55.08,45
51,28.05,55.08,45
68,37.4,73.44,60
52,28.6,56.16,46
34,18.7,36.72,30
40,22.0,43.2,35
48,26.4,51.84,42
48,26.4,51.84,42
50,27.5,54.0,44
49,26.95,52.92,43
49,26.95,52.92,43
51,28.05,55.08,45
47,25.85,50.76,41
44,24.2,47.52,39
40,22.0,43.2,35
39,21.45,42.12,34
36,19.8,38.88,32
37,20.35,39.96,33
56,30.8,60.48,49
52,28.6,56.16,46
61,33.55,65.88,54
72,39.6,77.76,63
59,32.45,63.72,52
44,24.2,47.52,39
43,23.65,46.44,38
44,24.2,47.52,39
51,28.05,55.08,45
41,22.55,44.28,36
40,22.0,43.2,35
39,21.45,42.12,34
52,28.6,56.16,46
94,51.7,101.52,83
88,48.4,95.04,78
85,46.75,91.8,75
91,50.05,98.28,80
95,52.25,102.6,84
88,48.4,95.04,78
67,36.85,72.36,59
69,37.95,74.52,61
77,42.35,83.16,68
99,54.45,106.92,87
105,57.75,113.4,93
95,52.25,102.6,84
80,44.0,86.4,70
78,42.9,84.24,69
76,41.8,82.08,67
99,54.45,106.92,87
104,57.2,112.32,92
119,65.45,128.52,100
99,54.45,106.92,87
88,48.4,95.04,78
93,51.15,100.44,82
81,44.55,87.48,71
86,47.3,92.88,76
97,53.35,104.76,85
92,50.6,99.36,81
76,41.8,82.08,67
56,30.8,60.48,49
50,27.5,54.0,44
78,42.9,84.24,69
81,44.55,87.48,71
67,36.85,72.36,59
46,25.3,49.68,41
46,25.3,49.68,41
43,23.65,46.44,38
53,29.15,57.24,47
49,26.95,52.92,43
43,23.65,46.44,38
62,34.1,66.96,55
79,43.45,85.32,70
90,49.5,97.2,79
88,48.4,95.04,78
148,81.4,159.84,100
168,92.4,181.44,100
172,94.6,185.76,100
125,68.75,135.0,100
114,62.7,123.12,100
72,39.6,77.76,63
62,34.1,66.96,55
59,32.45,63.72,52
65,35.75,70.2,57
63,34.65,68.04,56
47,25.85,50.76,41
61,33.55,65.88,54
54,29.7,58.32,48
69,37.95,74.52,61
57,31.35,61.56,50
58,31.9,62.64,51
64,35.2,69.12,56
45,24.75,48.6,40
51,28.05,55.08,45
76,41.8,82.08,67
61,33.55,65.88,54
74,40.7,79.92,65
75,41.25,81.0,66
113,62.15,122.04,100
102,56.1,110.16,90
97,53.35,104.76,85
79,43.45,85.32,70
84,46.2,90.72,74
79,43.45,85.32,70
90,49.5,97.2,79
93,51.15,100.44,82
91,50.05,98.28,80
99,54.45,106.92,87
75,41.25,81.0,66
68,37.4,73.44,60
75,41.25,81.0,66
112,61.6,120.96,99
121,66.55,130.68,100
100,55.0,108.0,88
101,55.55,109.08,89
133,73.15,143.64,100
114,62.7,123.12,100
74,40.7,79.92,65
76,41.8,82.08,67
78,42.9,84.24,69
80,44.0,86.4,70
72,39.6,77.76,63
67,36.85,72.36,59
73,40.15,78.84,64
91,50.05,98.28,80
93,51.15,100.44,82
96,52.8,103.68,85
98,53.9,105.84,86
93,51.15,100.44,82
88,48.4,95.04,78
76,41.8,82.08,67
65,35.75,70.2,57
73,40.15,78.84,64
122,67.1,131.76,100
92,50.6,99.36,81
88,48.4,95.04,78
107,58.85,115.56,94
128,70.4,138.24,100
135,74.25,145.8,100
148,81.4,159.84,100
133,73.15,143.64,100
108,59.4,116.64,95
107,58.85,115.56,94
102,56.1,110.16,90
109,59.95,117.72,96
98,53.9,105.84,86
101,55.55,109.08,89
94,51.7,101.52,83
114,62.7,123.12,100
85,46.75,91.8,75
73,40.15,78.84,64
74,40.7,79.92,65
85,46.75,91.8,75
94,51.7,101.52,83
133,73.15,143.64,100
106,58.3,114.48,93
108,59.4,116.64,95
108,59.4,116.64,95
95,52.25,102.6,84
93,51.15,100.44,82
97,53.35,104.76,85
99,54.45,106.92,87
97,53.35,104.76,85
95,52.25,102.6,84
97,53.35,104.76,85
92,50.6,99.36,81
98,53.9,105.84,86
92,50.6,99.36,81
69,37.95,74.52,61
75,41.25,81.0,66
78,42.9,84.24,69
75,41.25,81.0,66
89,48.95,96.12,78
74,40.7,79.92,65
78,42.9,84.24,69
99,54.45,106.92,87
108,59.4,116.64,95
105,57.75,113.4,93
99,54.45,106.92,87
93,51.15,100.44,82
76,41.8,82.08,67
70,38.5,75.6,62
74,40.7,79.92,65
76,41.8,82.08,67
77,42.35,83.16,68
83,45.65,89.64,73
109,59.95,117.72,96
97,53.35,104.76,85
118,64.9,127.44,100
101,55.55,109.08,89
128,70.4,138.24,100
140,77.0,151.2,100
121,66.55,130.68,100
133,73.15,143.64,100
119,65.45,128.52,100
121,66.55,130.68,100
105,57.75,113.4,93
122,67.1,131.76,100
125,68.75,135.0,100
114,62.7,123.12,100
99,54.45,106.92,87
121,66.55,130.68,100
119,65.45,128.52,100
124,68.2,133.92,100
88,48.4,95.04,78
75,41.25,81.0,66
84,46.2,90.72,74
85,46.75,91.8,75
89,48.95,96.12,78
89,48.95,96.12,78
88,48.4,95.04,78
89,48.95,96.12,78
93,51.15,100.44,82
93,51.15,100.44,82
88,48.4,95.04,78
87,47.85,93.96,77
95,52.25,102.6,84
81,44.55,87.48,71
78,42.9,84.24,69
76,41.8,82.08,67
90,49.5,97.2,79
82,45.1,88.56,72
79,43.45,85.32,70
79,43.45,85.32,70
86,47.3,92.88,76
62,34.1,66.96,55
62,34.1,66.96,55
59,32.45,63.72,52
66,36.3,71.28,58
63,34.65,68.04,56
65,35.75,70.2,57
90,49.5,97.2,79
99,54.45,106.92,87
92,50.6,99.36,81
84,46.2,90.72,74
91,50.05,98.28,80
80,44.0,86.4,70
81,44.55,87.48,71
84,46.2,90.72,74
89,48.95,96.12,78
92,50.6,99.36,81
95,52.25,102.6,84
88,48.4,95.04,78
65,35.75,70.2,57
74,40.7,79.92,65
83,45.65,89.64,73
95,52.25,102.6,84
94,51.7,101.52,83
60,33.0,64.8,53
94,51.7,101.52,83
84,46.2,90.72,74
65,35.75,70.2,57
65,35.75,70.2,57
79,43.45,85.32,70
71,39.05,76.68,63
60,33.0,64.8,53
68,37.4,73.44,60
60,33.0,64.8,53
49,26.95,52.92,43
66,36.3,71.28,58
68,37.4,73.44,60
58,31.9,62.64,51
58,31.9,62.64,51
51,28.05,55.08,45
44,24.2,47.52,39
50,27.5,54.0,44
62,34.1,66.96,55
59,32.45,63.72,52
65,35.75,70.2,57
63,34.65,68.04,56
60,33.0,64.8,53
65,35.75,70.2,57
70,38.5,75.6,62
64,35.2,69.12,56
74,40.7,79.92,65
72,39.6,77.76,63
73,40.15,78.84,64
46,25.3,49.68,41
49,26.95,52.92,43
54,29.7,58.32,48
46,25.3,49.68,41
50,27.5,54.0,44
39,21.45,42.12,34
45,24.75,48.6,40
46,25.3,49.68,41
44,24.2,47.52,39
45,24.75,48.6,40
45,24.75,48.6,40
40,22.0,43.2,35
49,26.95,52.92,43
66,36.3,71.28,58
53,29.15,57.24,47
46,25.3,49.68,41
44,24.2,47.52,39
47,25.85,50.76,41
53,29.15,57.24,47
51,28.05,55.08,45
54,29.7,58.32,48
51,28.05,55.08,45
46,25.3,49.68,41
50,27.5,54.0,44
47,25.85,50.76,41
46,25.3,49.68,41
59,32.45,63.72,52
56,30.8,60.48,49
51,28.05,55.08,45
44,24.2,47.52,39
47,25.85,50.76,41
52,28.6,56.16,46
50,27.5,54.0,44
54,29.7,58.32,48
52,28.6,56.16,46
61,33.55,65.88,54
49,26.95,52.92,43
50,27.5,54.0,44
57,31.35,61.56,50
56,30.8,60.48,49
57,31.35,61.56,50
49,26.95,52.92,43
55,30.25,59.4,48
42,23.1,45.36,37
43,23.65,46.44,38
51,28.05,55.08,45
47,25.85,50.76,41
43,23.65,46.44,38
55,30.25,59.4,48
55,30.25,59.4,48
47,25.85,50.76,41
51,28.05,55.08,45
49,26.95,52.92,43
47,25.85,50.76,41
50,27.5,54.0,44
50,27.5,54.0,44
52,28.6,56.16,46
54,29.7,58.32,48
52,28.6,56.16,46
53,29.15,57.24,47
50,27.5,54.0,44
48,26.4,51.84,42
50,27.5,54.0,44
52,28.6,56.16,46
55,30.25,59.4,48
45,24.75,48.6,40
45,24.75,48.6,40
58,31.9,62.64,51
55,30.25,59.4,48
60,33.0,64.8,53
56,30.8,60.48,49
56,30.8,60.48,49
78,42.9,84.24,69
84,46.2,90.72,74
68,37.4,73.44,60
68,37.4,73.44,60
78,42.9,84.24,69
49,26.95,52.92,43
61,33.55,65.88,54
55,30.25,59.4,48
46,25.3,49.68,41
48,26.4,51.84,42
57,31.35,61.56,50
57,31.35,61.56,50
55,30.25,59.4,48
55,30.25,59.4,48
49,26.95,52.92,43
50,27.5,54.0,44
49,26.95,52.92,43
48,26.4,51.84,42
55,30.25,59.4,48
52,28.6,56.16,46
51,28.05,55.08,45
56,30.8,60.48,49
64,35.2,69.12,56
61,33.55,65.88,54
57,31.35,61.56,50
60,33.0,64.8,53
48,26.4,51.84,42
46,25.3,49.68,41
54,29.7,58.32,48
53,29.15,57.24,47
60,33.0,64.8,53
58,31.9,62.64,51
58,31.9,62.64,51
61,33.55,65.88,54
51,28.05,55.08,45
52,28.6,56.16,46
58,31.9,62.64,51
77,42.35,83.16,68
63,34.65,68.04,56
65,35.75,70.2,57
53,29.15,57.24,47
45,24.75,48.6,40
55,30.25,59.4,48
52,28.6,56.16,46
54,29.7,58.32,48
56,30.8,60.48,49
62,34.1,66.96,55
57,31.35,61.56,50
71,39.05,76.68,63
70,38.5,75.6,62
69,37.95,74.52,61
48,26.4,51.84,42
68,37.4,73.44,60
54,29.7,58.32,48
56,30.8,60.48,49
100,55.0,108.0,88
69,37.95,74.52,61
65,35.75,70.2,57
60,33.0,64.8,53
55,30.25,59.4,48
53,29.15,57.24,47
43,23.65,46.44,38
48,26.4,51.84,42
45,24.75,48.6,40
48,26.4,51.84,42
46,25.3,49.68,41
48,26.4,51.84,42
53,29.15,57.24,47
47,25.85,50.76,41
50,27.5,54.0,44
50,27.5,54.0,44
59,32.45,63.72,52
50,27.5,54.0,44
95,52.25,102.6,84
148,81.4,159.84,100
144,79.2,155.52,100
127,69.85,137.16,100
110,60.5,118.8,97
130,71.5,140.4,100
109,59.95,117.72,96
135,74.25,145.8,100
122,67.1,131.76,100
75,41.25,81.0,66
69,37.95,74.52,61
71,39.05,76.68,63
110,60.5,118.8,97
101,55.55,109.08,89
68,37.4,73.44,60
62,34.1,66.96,55
72,39.6,77.76,63
85,46.75,91.8,75
99,54.45,106.92,87
60,33.0,64.8,53
52,28.6,56.16,46
50,27.5,54.0,44
53,29.15,57.24,47
65,35.75,70.2,57
104,57.2,112.32,92
96,52.8,103.68,85
90,49.5,97.2,79
94,51.7,101.52,83
94,51.7,101.52,83
95,52.25,102.6,84
100,55.0,108.0,88
85,46.75,91.8,75
92,50.6,99.36,81
97,53.35,104.76,85
98,53.9,105.84,86
89,48.95,96.12,78
71,39.05,76.68,63
59,32.45,63.72,52
53,29.15,57.24,47
50,27.5,54.0,44
54,29.7,58.32,48
60,33.0,64.8,53
66,36.3,71.28,58
76,41.8,82.08,67
58,31.9,62.64,51
66,36.3,71.28,58
93,51.15,100.44,82
90,49.5,97.2,79
86,47.3,92.88,76
64,35.2,69.12,56
99,54.45,106.92,87
106,58.3,114.48,93
113,62.15,122.04,100
123,67.65,132.84,100
92,50.6,99.36,81
72,39.6,77.76,63
68,37.4,73.44,60
81,44.55,87.48,71
82,45.1,88.56,72
76,41.8,82.08,67
91,50.05,98.28,80
81,44.55,87.48,71
57,31.35,61.56,50
54,29.7,58.32,48
57,31.35,61.56,50
70,38.5,75.6,62
62,34.1,66.96,55
65,35.75,70.2,57
